{"cameraMode":{"drawMode":0,"name":"Shaded","section":"Shading Mode"},"sceneLighting":false,"audioPlay":false,"sceneViewState":{"showFog":true,"showMaterialUpdate":false,"showSkybox":false,"showFlares":true,"showImageEffects":true,"showParticleSystems":true},"in2DMode":false,"pivot":{"x":-0.1488332748413086,"y":5.480796813964844,"z":0.17030155658721925},"rotation":{"x":0.10845579206943512,"y":-0.35518336296081545,"z":0.04153013974428177,"w":0.9275545477867127},"size":23.56850242614746,"orthographic":true}