{"cameraMode":{"drawMode":0,"name":"Shaded","section":"Shading Mode"},"sceneLighting":true,"audioPlay":false,"sceneViewState":{"showFog":true,"showMaterialUpdate":false,"showSkybox":true,"showFlares":true,"showImageEffects":true,"showParticleSystems":true},"in2DMode":false,"pivot":{"x":18.790695190429689,"y":0.457674503326416,"z":-8.589412689208985},"rotation":{"x":0.1672990471124649,"y":-0.4415421485900879,"z":0.08418358117341995,"w":0.8774763345718384},"size":1.6111375093460084,"orthographic":true}