{"cameraMode":{"drawMode":0,"name":"Shaded","section":"Shading Mode"},"sceneLighting":true,"audioPlay":false,"sceneViewState":{"showFog":true,"showMaterialUpdate":false,"showSkybox":true,"showFlares":true,"showImageEffects":true,"showParticleSystems":true},"in2DMode":false,"pivot":{"x":0.13718879222869874,"y":1.2382932901382447,"z":0.6545882225036621},"rotation":{"x":-0.14506745338439942,"y":-0.05546342954039574,"z":0.008161566220223904,"w":-0.9878614544868469},"size":2.294435977935791,"orthographic":false}