{"cameraMode":{"drawMode":0,"name":"Shaded","section":"Shading Mode"},"sceneLighting":true,"audioPlay":false,"sceneViewState":{"showFog":true,"showMaterialUpdate":false,"showSkybox":true,"showFlares":true,"showImageEffects":true,"showParticleSystems":true},"in2DMode":false,"pivot":{"x":-10.55158805847168,"y":-2.195798873901367,"z":3.460296154022217},"rotation":{"x":-0.10115885734558106,"y":0.5645243525505066,"z":-0.06996649503707886,"w":-0.8162036538124085},"size":7.502049446105957,"orthographic":false}