{"cameraMode":{"drawMode":0,"name":"Shaded","section":"Shading Mode"},"sceneLighting":false,"audioPlay":false,"sceneViewState":{"showFog":true,"showMaterialUpdate":false,"showSkybox":false,"showFlares":true,"showImageEffects":true,"showParticleSystems":true},"in2DMode":false,"pivot":{"x":0.0,"y":-0.022749995812773706,"z":0.002200007438659668},"rotation":{"x":-0.10115885734558106,"y":0.5645243525505066,"z":-0.06996649503707886,"w":-0.8162036538124085},"size":0.21912874281406403,"orthographic":false}